date,channel,side,calf_id,frames,frames_with_calf,detection_rate,observed_hours,lying_hours,standing_hours,unknown_hours,lying_pct_of_observed,standing_pct_of_observed,mean_length_px,mean_length_cm
2026-07-28,CH1,left,CH1_left,69820,67683,0.969,18.801,15.972,2.829,0.593,85.0,15.0,194.9,
2026-07-28,CH1,right,CH1_right,69820,67631,0.969,18.787,15.749,3.038,0.608,83.8,16.2,173.9,
2026-07-29,CH1,left,CH1_left,2,2,1.0,0.001,0.0,0.001,0.0,0.0,100.0,256.4,
2026-07-29,CH1,right,CH1_right,2,2,1.0,0.001,0.001,0.0,0.0,100.0,0.0,143.9,
2026-07-29,CH1,left,CH1_left,86412,86402,1.0,24.003,20.017,3.986,0.0,83.4,16.6,194.4,
2026-07-29,CH1,right,CH1_right,86412,86412,1.0,24.003,20.919,3.084,0.0,87.2,12.8,171.9,
2026-07-30,CH1,left,CH1_left,86413,86413,1.0,24.004,17.578,6.426,0.0,73.2,26.8,224.1,
2026-07-30,CH1,right,CH1_right,86413,86413,1.0,24.004,20.753,3.251,0.0,86.5,13.5,157.7,
2026-07-31,CH1,left,CH1_left,2,2,1.0,0.001,0.0,0.001,0.0,0.0,100.0,149.9,
2026-07-31,CH1,right,CH1_right,2,2,1.0,0.001,0.001,0.0,0.0,100.0,0.0,178.1,
2026-07-31,CH1,left,CH1_left,86395,86386,1.0,23.999,14.913,9.086,0.0,62.1,37.9,234.9,
2026-07-31,CH1,right,CH1_right,86395,84451,0.977,23.852,15.017,8.835,0.147,63.0,37.0,177.4,
2026-08-01,CH1,left,CH1_left,1,1,1.0,0.0,0.0,0.0,0.0,100.0,0.0,227.2,
2026-08-01,CH1,right,CH1_right,1,1,1.0,0.0,0.0,0.0,0.0,100.0,0.0,157.4,
2026-08-01,CH1,left,CH1_left,84878,84604,0.997,23.567,12.672,10.894,0.011,53.8,46.2,225.5,
2026-08-01,CH1,right,CH1_right,84878,84400,0.994,23.534,17.856,5.678,0.043,75.9,24.1,199.2,
2026-08-02,CH1,left,CH1_left,86282,86162,0.999,23.966,12.928,11.037,0.002,53.9,46.1,212.7,
2026-08-02,CH1,right,CH1_right,86282,84443,0.979,23.576,14.464,9.112,0.391,61.4,38.6,181.6,
2026-08-03,CH1,left,CH1_left,1,1,1.0,0.0,0.0,0.0,0.0,100.0,0.0,233.1,
2026-08-03,CH1,right,CH1_right,1,1,1.0,0.0,0.0,0.0,0.0,0.0,100.0,212.9,
2026-08-03,CH1,left,CH1_left,86404,86402,1.0,24.001,18.433,5.568,0.0,76.8,23.2,203.3,
2026-08-03,CH1,right,CH1_right,86404,86249,0.998,23.988,13.761,10.226,0.013,57.4,42.6,153.7,
2026-08-04,CH1,left,CH1_left,2,2,1.0,0.001,0.001,0.0,0.0,100.0,0.0,240.4,
2026-08-04,CH1,right,CH1_right,2,2,1.0,0.001,0.0,0.001,0.0,0.0,100.0,221.7,
2026-08-04,CH1,left,CH1_left,86400,86085,0.996,23.966,17.43,6.536,0.034,72.7,27.3,223.1,
2026-08-04,CH1,right,CH1_right,86400,84539,0.978,23.689,16.264,7.425,0.311,68.7,31.3,181.1,
2026-08-05,CH1,left,CH1_left,1,1,1.0,0.0,0.0,0.0,0.0,0.0,100.0,243.6,
2026-08-05,CH1,right,CH1_right,1,1,1.0,0.0,0.0,0.0,0.0,100.0,0.0,163.6,
2026-08-05,CH1,left,CH1_left,86402,86325,0.999,24.001,17.628,6.372,0.0,73.4,26.6,210.7,
2026-08-05,CH1,right,CH1_right,86402,83968,0.972,23.668,15.216,8.451,0.333,64.3,35.7,169.6,
2026-08-06,CH1,left,CH1_left,86403,86398,1.0,24.001,12.689,11.311,0.0,52.9,47.1,184.3,
2026-08-06,CH1,right,CH1_right,86403,83342,0.965,23.424,17.431,5.994,0.576,74.4,25.6,171.2,
2026-08-07,CH1,left,CH1_left,2,2,1.0,0.001,0.001,0.0,0.0,100.0,0.0,166.8,
2026-08-07,CH1,right,CH1_right,2,2,1.0,0.001,0.0,0.001,0.0,0.0,100.0,230.5,
2026-08-07,CH1,left,CH1_left,61517,61515,1.0,17.088,12.788,4.3,0.0,74.8,25.2,178.8,
2026-08-07,CH1,right,CH1_right,61517,54914,0.893,15.817,8.998,6.819,1.271,56.9,43.1,178.5,
2026-08-08,CH1,left,CH1_left,2,2,1.0,0.001,0.001,0.0,0.0,100.0,0.0,176.6,
2026-08-08,CH1,right,CH1_right,2,2,1.0,0.001,0.001,0.0,0.0,100.0,0.0,179.2,
2026-08-08,CH1,left,CH1_left,86405,86393,1.0,24.001,19.712,4.289,0.0,82.1,17.9,190.7,
2026-08-08,CH1,right,CH1_right,86405,84015,0.972,23.593,13.185,10.408,0.409,55.9,44.1,164.8,
2026-08-09,CH1,left,CH1_left,86283,86281,1.0,23.968,18.018,5.949,0.0,75.2,24.8,184.2,
2026-08-09,CH1,right,CH1_right,86283,79475,0.921,22.364,13.904,8.461,1.603,62.2,37.8,174.1,
2026-08-10,CH1,left,CH1_left,1,1,1.0,0.0,0.0,0.0,0.0,100.0,0.0,150.3,
2026-08-10,CH1,right,CH1_right,1,1,1.0,0.0,0.0,0.0,0.0,100.0,0.0,182.3,
2026-08-10,CH1,left,CH1_left,86406,86405,1.0,24.002,18.533,5.469,0.0,77.2,22.8,179.8,
2026-08-10,CH1,right,CH1_right,86406,77647,0.899,22.249,13.836,8.414,1.752,62.2,37.8,172.2,
2026-08-11,CH1,left,CH1_left,1,1,1.0,0.0,0.0,0.0,0.0,100.0,0.0,149.6,
2026-08-11,CH1,right,CH1_right,1,1,1.0,0.0,0.0,0.0,0.0,100.0,0.0,148.0,
2026-08-11,CH1,left,CH1_left,86404,86403,1.0,24.001,19.206,4.795,0.0,80.0,20.0,184.3,
2026-08-11,CH1,right,CH1_right,86404,83225,0.963,23.457,14.072,9.386,0.544,60.0,40.0,173.4,
2026-08-12,CH1,left,CH1_left,1,1,1.0,0.0,0.0,0.0,0.0,100.0,0.0,206.5,
2026-08-12,CH1,right,CH1_right,1,1,1.0,0.0,0.0,0.0,0.0,100.0,0.0,141.6,
2026-08-12,CH1,left,CH1_left,86405,86392,1.0,24.001,18.514,5.487,0.0,77.1,22.9,192.3,
2026-08-12,CH1,right,CH1_right,86405,83448,0.966,23.466,12.848,10.617,0.536,54.8,45.2,176.8,
2026-08-13,CH1,left,CH1_left,56856,56588,0.995,15.723,10.929,4.794,0.07,69.5,30.5,206.0,
2026-08-13,CH1,right,CH1_right,56856,55674,0.979,15.574,9.154,6.42,0.219,58.8,41.2,183.7,
2026-08-14,CH1,left,CH1_left,1,1,1.0,0.0,0.0,0.0,0.0,100.0,0.0,179.3,
2026-08-14,CH1,right,CH1_right,1,1,1.0,0.0,0.0,0.0,0.0,100.0,0.0,161.7,
2026-08-14,CH1,left,CH1_left,86406,86405,1.0,24.002,18.095,5.907,0.0,75.4,24.6,196.4,
2026-08-14,CH1,right,CH1_right,86406,77738,0.9,22.216,12.929,9.287,1.785,58.2,41.8,187.2,
2026-08-15,CH1,left,CH1_left,2,2,1.0,0.001,0.001,0.0,0.0,100.0,0.0,191.9,
2026-08-15,CH1,right,CH1_right,2,2,1.0,0.001,0.001,0.0,0.0,100.0,0.0,156.1,
2026-08-15,CH1,left,CH1_left,86402,86400,1.0,24.001,17.209,6.791,0.0,71.7,28.3,190.1,
2026-08-15,CH1,right,CH1_right,86402,77997,0.903,22.214,14.176,8.037,1.787,63.8,36.2,189.8,
2026-08-16,CH1,left,CH1_left,1,1,1.0,0.0,0.0,0.0,0.0,100.0,0.0,156.7,
2026-08-16,CH1,right,CH1_right,1,1,1.0,0.0,0.0,0.0,0.0,100.0,0.0,149.9,
2026-08-16,CH1,left,CH1_left,86283,85991,0.997,23.897,15.991,7.906,0.071,66.9,33.1,186.8,
2026-08-16,CH1,right,CH1_right,86283,80366,0.931,22.818,14.291,8.527,1.149,62.6,37.4,193.2,
2026-08-17,CH1,left,CH1_left,2,2,1.0,0.001,0.001,0.0,0.0,100.0,0.0,157.6,
2026-08-17,CH1,right,CH1_right,2,2,1.0,0.001,0.001,0.0,0.0,100.0,0.0,166.7,
2026-08-17,CH1,left,CH1_left,86405,86404,1.0,24.001,15.329,8.672,0.0,63.9,36.1,187.6,
2026-08-17,CH1,right,CH1_right,86405,84902,0.983,23.823,14.651,9.172,0.178,61.5,38.5,174.6,
2026-08-18,CH1,left,CH1_left,2,2,1.0,0.001,0.001,0.0,0.0,100.0,0.0,148.0,
2026-08-18,CH1,right,CH1_right,2,2,1.0,0.001,0.001,0.0,0.0,100.0,0.0,190.7,
2026-08-18,CH1,left,CH1_left,86399,86385,1.0,24.0,16.762,7.237,0.0,69.8,30.2,200.3,
2026-08-18,CH1,right,CH1_right,86399,84424,0.977,23.643,16.332,7.311,0.357,69.1,30.9,197.0,
2026-08-19,CH1,left,CH1_left,2,2,1.0,0.001,0.001,0.0,0.0,100.0,0.0,208.3,
2026-08-19,CH1,right,CH1_right,2,2,1.0,0.001,0.001,0.0,0.0,100.0,0.0,125.0,
2026-08-19,CH1,left,CH1_left,1124,1124,1.0,0.312,0.312,0.0,0.0,100.0,0.0,194.9,
2026-08-19,CH1,right,CH1_right,1124,1124,1.0,0.312,0.312,0.0,0.0,100.0,0.0,138.8,
2026-08-27,CH1,left,CH1_left,4608,4608,1.0,1.28,1.28,0.0,0.0,100.0,0.0,177.5,
2026-08-27,CH1,right,CH1_right,4608,4608,1.0,1.28,1.062,0.218,0.0,83.0,17.0,239.6,
2026-08-30,CH1,left,CH1_left,136,0,0.0,0.0,0.0,0.0,0.038,,,,
2026-08-30,CH1,right,CH1_right,136,136,1.0,0.038,0.0,0.038,0.0,0.0,100.0,172.1,
